user_id,timestamp,action
user_0,2025-05-01T13:00:00Z,login
user_1,2025-05-01T13:01:00Z,login
user_2,2025-05-01T13:02:00Z,login
user_3,2025-05-01T13:03:00Z,login
user_4,2025-05-01T13:04:00Z,login
user_5,2025-05-01T13:05:00Z,login
user_6,2025-05-01T13:06:00Z,login
user_7,2025-05-01T13:07:00Z,login
user_8,2025-05-01T13:08:00Z,login
user_9,2025-05-01T13:09:00Z,login
user_0,2025-05-01T13:10:00Z,login
user_1,2025-05-01T13:11:00Z,login
user_2,2025-05-01T13:12:00Z,login
user_3,2025-05-01T13:13:00Z,login
user_4,2025-05-01T13:14:00Z,login
user_5,2025-05-01T13:15:00Z,login
user_6,2025-05-01T13:16:00Z,login
user_7,2025-05-01T13:17:00Z,login
user_8,2025-05-01T13:18:00Z,login
user_9,2025-05-01T13:19:00Z,login
user_0,2025-05-01T13:20:00Z,login
user_1,2025-05-01T13:21:00Z,login
user_2,2025-05-01T13:22:00Z,login
user_3,2025-05-01T13:23:00Z,login
user_4,2025-05-01T13:24:00Z,login
user_5,2025-05-01T13:25:00Z,login
user_6,2025-05-01T13:26:00Z,login
user_7,2025-05-01T13:27:00Z,login
user_8,2025-05-01T13:28:00Z,login
user_9,2025-05-01T13:29:00Z,login
user_0,2025-05-01T13:30:00Z,login
user_1,2025-05-01T13:31:00Z,login
user_2,2025-05-01T13:32:00Z,login
user_3,2025-05-01T13:33:00Z,login
user_4,2025-05-01T13:34:00Z,login
user_5,2025-05-01T13:35:00Z,login
user_6,2025-05-01T13:36:00Z,login
user_7,2025-05-01T13:37:00Z,login
user_8,2025-05-01T13:38:00Z,login
user_9,2025-05-01T13:39:00Z,login
user_0,2025-05-01T13:40:00Z,login
user_1,2025-05-01T13:41:00Z,login
user_2,2025-05-01T13:42:00Z,login
user_3,2025-05-01T13:43:00Z,login
user_4,2025-05-01T13:44:00Z,login
user_5,2025-05-01T13:45:00Z,login
user_6,2025-05-01T13:46:00Z,login
user_7,2025-05-01T13:47:00Z,login
user_8,2025-05-01T13:48:00Z,login
user_9,2025-05-01T13:49:00Z,login
user_0,2025-05-01T13:50:00Z,login
user_1,2025-05-01T13:51:00Z,login
user_2,2025-05-01T13:52:00Z,login
user_3,2025-05-01T13:53:00Z,login
user_4,2025-05-01T13:54:00Z,login
user_5,2025-05-01T13:55:00Z,login
user_6,2025-05-01T13:56:00Z,login
user_7,2025-05-01T13:57:00Z,login
user_8,2025-05-01T13:58:00Z,login
user_9,2025-05-01T13:59:00Z,login
user_0,2025-05-01T13:60:00Z,login
user_1,2025-05-01T13:61:00Z,login
user_2,2025-05-01T13:62:00Z,login
user_3,2025-05-01T13:63:00Z,login
user_4,2025-05-01T13:64:00Z,login
user_5,2025-05-01T13:65:00Z,login
user_6,2025-05-01T13:66:00Z,login
user_7,2025-05-01T13:67:00Z,login
user_8,2025-05-01T13:68:00Z,login
user_9,2025-05-01T13:69:00Z,login
user_0,2025-05-01T13:70:00Z,login
user_1,2025-05-01T13:71:00Z,login
user_2,2025-05-01T13:72:00Z,login
user_3,2025-05-01T13:73:00Z,login
user_4,2025-05-01T13:74:00Z,login
user_5,2025-05-01T13:75:00Z,login
user_6,2025-05-01T13:76:00Z,login
user_7,2025-05-01T13:77:00Z,login
user_8,2025-05-01T13:78:00Z,login
user_9,2025-05-01T13:79:00Z,login